{"cameraMode":{"drawMode":0,"name":"Shaded","section":"Shading Mode"},"sceneLighting":true,"audioPlay":false,"sceneViewState":{"m_AlwaysRefresh":false,"showFog":true,"showSkybox":true,"showFlares":true,"showImageEffects":true,"showParticleSystems":true,"showVisualEffectGraphs":true,"m_FxEnabled":true},"in2DMode":false,"pivot":{"x":-4.158342361450195,"y":1.4535548686981202,"z":5.347156524658203},"rotation":{"x":0.05125132575631142,"y":-0.9378325939178467,"z":0.15760841965675355,"w":0.30496859550476076},"size":6.224844932556152,"orthographic":true}